time,sensor,x,y,z,sensor,x,y,z,sensor,x,y,z,activity
302145.40887, 3,  -0.096,  0.373,  9.581, 4,  -0.025, -0.001, -0.012, 5,  25.260,  6.180,  9.600, 2 
 302145.46883, 3,  -0.124,  0.311,  9.705, 4,  -0.025, -0.001, -0.012, 5,  25.260,  6.240,  9.600, 2 
 302145.52864, 3,  -0.105,  0.406,  9.600, 4,  -0.025, -0.001, -0.012, 5,  25.260,  6.240,  9.600, 2 
 302145.58856, 3,  -0.057,  0.382,  9.777, 4,  -0.025, -0.001, -0.012, 5,  25.260,  6.240,  9.660, 2 
 302145.64834, 3,  -0.057,  0.382,  9.777, 4,  -0.025, -0.001, -0.012, 5,  25.260,  6.240,  9.720, 2 
 302166.29914, 3,   0.139, -0.321, 11.583, 2 
 302166.35897, 3,  -0.302,  1.220,  9.423, 4,  -0.025, -0.001, -0.012, 5,  25.320,  6.360, 10.020, 2 
 302166.41882, 3,   0.369,  1.249,  8.863, 4,  -0.025, -0.001, -0.012, 5,  25.320,  6.300, 10.020, 2 
 302166.48935, 3,   0.263,  1.350,  9.270, 4,  -0.025, -0.001, -0.012, 5,  25.380,  6.240,  9.960, 2 
 302166.53859, 3,   1.489,  2.231,  8.513, 4,  -0.025, -0.001, -0.012, 5,  25.380,  6.180,  9.960, 2 
 302166.59904, 3,   1.312,  3.830,  8.140, 4,  -0.025, -0.001, -0.012, 5,  25.320,  6.060,  9.900, 2 
 302166.65870, 3,   1.010,  4.419,  7.551, 4,  -0.025, -0.001, -0.012, 5,  25.320,  6.000,  9.900, 2 
 302166.71832, 3,   1.312,  6.148,  5.923, 4,   1.176,  0.107,  0.335, 5,  25.260,  5.940,  9.840, 2 
 302166.77981, 3,   1.010,  7.225,  5.075, 4,   1.046,  0.203,  0.402, 5,  25.200,  5.820,  9.780, 2 
 302166.83782, 3,   1.753,  6.727,  6.387, 4,   0.217,  0.281,  0.289, 5,  25.080,  5.760,  9.720, 2 
 302166.89867, 3,   1.853,  6.152,  7.718, 4,  -0.718,  0.183,  0.321, 5,  24.900,  5.700,  9.660, 2 
 302166.95765, 3,   1.686,  6.009,  8.317, 4,  -0.656, -0.191,  0.183, 5,  24.720,  5.640,  9.540, 2 
 302167.01761, 3,   1.920,  5.382,  7.254, 4,  -0.157,  0.112,  0.021, 5,  24.540,  5.580,  9.420, 2 
 302167.07740, 3,   0.867,  5.080,  8.226, 4,  -0.202, -0.103,  0.016, 5,  24.360,  5.520,  9.240, 2 
 302167.13726, 3,   0.924,  4.228,  8.585, 4,  -0.660, -0.018, -0.124, 5,  24.180,  5.520,  9.060, 2 
 302167.19745, 3,   0.369,  4.132,  8.901, 4,  -0.667,  0.145, -0.102, 5,  23.940,  5.460,  8.820, 2 
 302167.25712, 3,   0.589,  4.070,  8.662, 4,  -0.356, -0.154, -0.182, 5,  23.760,  5.520,  8.640, 2 
 302167.31701, 3,   0.086,  4.769,  8.336, 4,  -0.095,  0.336, -0.114, 5,  23.580,  5.520,  8.460, 2 
 302167.37661, 3,   0.680,  4.740, 13.302, 4,  -0.410,  0.001, -0.045, 5,  23.400,  5.580,  8.280, 2 
 302167.43669, 3,   1.039,  4.486, 12.947, 4,  -0.679, -0.119,  0.145, 5,  23.160,  5.640,  8.100, 2 
 302167.49637, 3,   0.996,  4.381, 12.459, 4,  -0.444, -0.075,  0.069, 5,  22.980,  5.700,  7.920, 2 
 302167.55647, 3,   0.488,  4.046,  7.187, 4,   0.103,  0.050,  0.074, 5,  22.800,  5.760,  7.740, 2 
 302167.61621, 3,   0.833,  3.548, 10.424, 4,  -0.013,  0.103,  0.025, 5,  22.680,  5.880,  7.620, 2 
 302167.67635, 3,   1.207,  2.772,  9.284, 4,  -0.428,  0.015,  0.347, 5,  22.500,  6.000,  7.500, 2 
 302167.73611, 3,   0.972,  2.901, 10.002, 4,  -0.311,  0.115,  0.284, 5,  22.440,  6.180,  7.440, 2 
 302167.79584, 3,   0.924,  2.963,  9.389, 4,   0.037, -0.018,  0.178, 5,  22.440,  6.300,  7.380, 2 
 302167.85618, 3,   0.373,  3.169,  9.035, 4,   0.189,  0.135,  0.118, 5,  22.500,  6.420,  7.380, 2 
 302167.91576, 3,   0.522,  2.877,  9.346, 4,   0.009,  0.213,  0.197, 5,  22.620,  6.540,  7.380, 2 
 302167.97563, 3,   0.048,  2.772,  9.519, 4,  -0.127,  0.181,  0.272, 5,  22.740,  6.660,  7.440, 2 
 302168.03567, 3,  -0.211,  2.690,  9.370, 4,  -0.061,  0.332,  0.211, 5,  22.860,  6.840,  7.500, 2 
 302168.09553, 3,  -0.364,  2.963,  9.461, 4,   0.138,  0.371,  0.294, 5,  23.040,  6.900,  7.620, 2 
 302168.15551, 3,  -0.220,  2.647,  9.524, 4,  -0.089,  0.381,  0.424, 5,  23.280,  7.020,  7.800, 2 
 302168.21559, 3,  -0.168,  2.758,  9.102, 4,  -0.065,  0.428,  0.521, 5,  23.520,  7.020,  8.040, 2 
 302168.27545, 3,  -0.067,  2.839,  8.891, 4,  -0.050,  0.422,  0.577, 5,  23.760,  7.020,  8.340, 2 
 302168.33453, 3,   0.680,  2.638,  8.805, 4,  -0.127,  0.297,  0.631, 5,  24.000,  6.900,  8.640, 2 
 302168.39492, 3,   0.584,  2.619,  9.227, 4,  -0.357,  0.316,  0.730, 5,  24.240,  6.720,  9.180, 2 
 302168.45475, 3,   1.211,  2.604,  9.064, 4,  -0.268,  0.293,  0.568, 5,  24.480,  6.420,  9.780, 2 
 302168.51465, 3,   0.848,  2.552,  9.016, 4,  -0.263,  0.177,  0.576, 5,  24.720,  6.000, 10.560, 2 
 302168.57457, 3,   0.757,  1.809,  8.973, 4,  -0.474,  0.112,  0.279, 5,  24.960,  5.400, 11.280, 2 
 302168.63411, 3,   3.965,  0.842, 16.615, 4,  -0.834, -0.007,  0.152, 5,  25.140,  4.740, 12.120, 2 
 302168.69416, 3,   0.220,  1.364,  9.883, 4,  -1.206, -0.110, -0.055, 5,  25.260,  3.900, 12.900, 2 
 302168.75384, 3,   0.819,  1.268,  9.394, 4,   0.476, -0.106, -0.459, 5,  25.380,  2.940, 13.740, 2 
 302168.81393, 3,   0.340,  1.560,  9.715, 4,   0.180, -0.488, -0.473, 5,  25.440,  2.040, 14.460, 2 
 302168.87356, 3,   0.498,  1.934,  9.902, 4,   0.113, -0.280, -0.298, 5,  25.500,  1.080, 15.240, 2 
 302168.93313, 3,   0.608,  1.699, 10.089, 4,  -0.003,  0.176, -0.068, 5,  25.560,  0.180, 16.020, 2 
 302168.99353, 3,   0.397,  1.474,  9.768, 4,   0.083,  0.130,  0.280, 5,  25.560, -0.780, 16.800, 2 
 302169.05343, 3,   0.335,  1.604,  9.667, 4,   0.047,  0.278,  0.453, 5,  25.560, -1.680, 17.520, 2 
 302169.11317, 3,   0.139,  1.733,  9.974, 4,   0.177,  0.177,  0.384, 5,  25.560, -2.580, 18.240, 2 
 302169.17318, 3,   0.101,  2.331,  9.734, 4,   0.355,  0.103,  0.318, 5,  25.500, -3.420, 18.900, 2 
 302169.23244, 3,   0.158,  0.957,  9.308, 4,   0.521,  0.219,  0.117, 5,  25.440, -4.260, 19.560, 2 
 302169.29283, 3,   0.091,  2.786,  9.303, 4,   0.344,  0.038,  0.168, 5,  25.440, -4.980, 20.100, 2 
 302169.35217, 3,   0.235,  2.312,  9.112, 4,   0.228,  0.361, -0.024, 5,  25.380, -5.640, 20.460, 2 
 302169.41220, 3,  -0.220,  2.212, 10.175, 4,   0.117,  0.291, -0.062, 5,  25.320, -6.240, 20.760, 2 
 302169.47241, 3,  -0.517,  3.481,  8.001, 4,   0.291,  0.682, -0.021, 5,  25.320, -6.660, 20.940, 2 
 302169.53175, 3,  -1.355,  4.433, 10.390, 4,   0.449,  0.523,  0.102, 5,  25.260, -6.960, 21.120, 2 
 302169.59179, 3,  -0.934,  3.145,  9.514, 4,   0.102,  0.622,  0.618, 5,  25.260, -7.140, 21.360, 2 
 302169.65145, 3,  -1.379,  3.677,  8.896, 4,  -0.034,  0.153,  0.624, 5,  25.200, -7.200, 21.600, 2 
 302169.71130, 3,  -0.886,  2.231, 10.716, 4,  -0.630, -0.147,  0.452, 5,  25.140, -7.200, 21.900, 2 
 302169.77139, 3,  -0.737,  2.528,  8.307, 4,  -0.748,  0.054,  0.220, 5,  24.960, -7.200, 22.200, 2 
 302169.83103, 3,  -0.287,  3.332,  9.136, 4,   0.611, -0.895,  0.137, 5,  24.780, -7.140, 22.500, 2 
 302169.89107, 3,  -0.838,  3.107,  8.796, 4,   0.538,  0.274, -0.024, 5,  24.600, -7.140, 22.800, 2 
 302169.95109, 3,   1.039,  2.978, 10.136, 4,  -0.560,  0.609,  0.276, 5,  24.420, -7.140, 23.100, 2 
 302170.01061, 3,   3.716,  3.026, 10.922, 4,  -0.792, -0.466,  0.341, 5,  24.180, -7.200, 23.400, 2 
 302170.07079, 3,   4.597,  3.303, 10.797, 4,  -0.058, -0.395, -0.384, 5,  23.940, -7.440, 23.700, 2 
 302170.13053, 3,   2.835,  3.758,  9.538, 4,   0.271, -0.401, -0.960, 5,  23.640, -7.620, 23.940, 2 
 302170.19038, 3,   1.216,  4.050,  9.030, 4,   0.605, -0.798, -1.334, 5,  23.400, -7.860, 24.180, 2 
 302170.25010, 3,   0.728,  3.897,  7.929, 4,   0.101, -1.321, -1.278, 5,  23.100, -7.980, 24.300, 2 
 302170.30980, 3,  -0.848,  3.514,  7.469, 4,   0.198, -1.029, -1.204, 5,  22.920, -7.920, 24.300, 2 
 302170.37027, 3,  -1.393,  2.585,  8.269, 4,  -0.526, -0.556, -1.259, 5,  22.800, -7.680, 23.940, 2 
 302170.42957, 3,  -0.757,  1.910,  9.255, 4,  -0.289,  0.809, -1.345, 5,  22.620, -7.260, 23.280, 2 
 302170.48950, 3,  -1.954,  0.766,  8.528, 4,  -0.696,  0.056, -0.863, 5,  22.380, -6.720, 22.440, 2 
 302170.54954, 3,  -1.039,  0.229, 11.061, 4,  -0.504,  0.715, -1.112, 5,  22.200, -6.180, 21.540, 2 
 302170.61301, 3,  -2.686,  0.129,  9.375, 4,  -0.505,  0.039, -0.830, 5,  22.020, -5.640, 20.520, 2 
 302170.66878, 3,  -1.049, -0.130,  9.701, 4,   0.028, -0.330, -0.929, 5,  21.900, -5.100, 19.500, 2 
 302170.72884, 3,  -0.761,  0.239,  9.543, 4,  -0.258, -0.150, -0.554, 5,  21.780, -4.500, 18.540, 2 
 302181.38389, 3,  -0.053,  0.296,  9.691, 4,  -0.007, -0.004, -0.022, 5,  24.840,  4.560, 10.320, 2 
 302181.44389, 3,  -0.101,  0.363,  9.835, 4,  -0.006, -0.005, -0.020, 5,  24.840,  4.500, 10.320, 2 
 302181.50353, 3,   0.005,  0.363,  9.619, 4,  -0.009, -0.004, -0.021, 5,  24.900,  4.500, 10.320, 2 
 302181.56343, 3,  -0.086,  0.454,  9.686, 4,  -0.007, -0.005, -0.021, 5,  24.900,  4.440, 10.320, 2 
 302181.62334, 3,  -0.134,  0.373,  9.734, 4,  -0.006, -0.005, -0.022, 5,  24.840,  4.380, 10.320, 2 
 302181.68304, 3,  -0.086,  0.406,  9.777, 4,  -0.006, -0.005, -0.022, 5,  24.840,  4.380, 10.320, 2 
 302181.74322, 3,  -0.120,  0.402,  9.768, 4,  -0.007, -0.003, -0.022, 5,  24.840,  4.380, 10.380, 2 
 302181.80311, 3,  -0.053,  0.382,  9.907, 4,  -0.006, -0.004, -0.021, 5,  24.840,  4.380, 10.380, 2 
 302181.86292, 3,  -0.101,  0.382,  9.935, 4,  -0.008, -0.006, -0.020, 5,  24.780,  4.380, 10.380, 2 
 302181.92251, 3,  -0.067,  0.354,  9.777, 4,  -0.006, -0.004, -0.021, 5,  24.780,  4.380, 10.380, 2 
 302181.98262, 3,  -0.019,  0.426,  9.715, 4,  -0.008, -0.006, -0.022, 5,  24.720,  4.440, 10.440, 2 
 302182.04221, 3,  -0.139,  0.363,  9.634, 4,  -0.008, -0.005, -0.021, 5,  24.720,  4.440, 10.440, 2 
 302182.10175, 3,  -0.057,  0.464,  9.777, 4,  -0.007, -0.005, -0.020, 5,  24.660,  4.500, 10.440, 2 
 302182.16225, 3,  -0.034,  0.502,  9.835, 4,  -0.006, -0.004, -0.021, 5,  24.600,  4.560, 10.440, 2 
 302182.22177, 3,  -0.134,  0.392,  9.820, 4,  -0.008, -0.005, -0.022, 5,  24.600,  4.560, 10.440, 2 
 302182.28196, 3,  -0.124,  0.392,  9.811, 4,  -0.008, -0.005, -0.021, 5,  24.540,  4.620, 10.440, 2 
 302182.34139, 3,  -0.077,  0.359,  9.691, 4,  -0.007, -0.005, -0.021, 5,  24.480,  4.620, 10.440, 2 
 302182.40132, 3,  -0.077,  0.339,  9.696, 4,  -0.006, -0.005, -0.021, 5,  24.420,  4.680, 10.380, 2 
 302182.46159, 3,  -0.144,  0.282,  9.648, 4,  -0.007, -0.004, -0.021, 5,  24.420,  4.680, 10.380, 2 
 302182.52102, 3,  -0.081,  0.382,  9.887, 4,  -0.007, -0.004, -0.021, 5,  24.360,  4.740, 10.380, 2 
 302182.58094, 3,  -0.172,  0.445,  9.734, 4,  -0.007, -0.003, -0.020, 5,  24.360,  4.740, 10.380, 2 
 302182.64081, 3,  -0.101,  0.325,  9.782, 4,  -0.006, -0.005, -0.021, 5,  24.300,  4.740, 10.320, 2 
 302182.70061, 3,  -0.086,  0.430,  9.816, 4,  -0.008, -0.005, -0.022, 5,  24.300,  4.740, 10.320, 2 
 302182.76081, 3,  -0.077,  0.373,  9.835, 4,  -0.006, -0.005, -0.022, 5,  24.240,  4.740, 10.260, 2 
 302182.82015, 3,  -0.110,  0.363,  9.705, 4,  -0.008, -0.005, -0.022, 5,  24.240,  4.740, 10.260, 2 
 302182.88047, 3,  -0.057,  0.349,  9.725, 4,  -0.006, -0.004, -0.022, 5,  24.240,  4.740, 10.200, 2 
 302182.94004, 3,  -0.153,  0.330,  9.705, 4,  -0.006, -0.005, -0.021, 5,  24.240,  4.680, 10.200, 2 
 302183.00020, 3,  -0.144,  0.426,  9.753, 4,  -0.007, -0.005, -0.022, 5,  24.240,  4.680, 10.140, 2 
 302183.05999, 3,  -0.110,  0.397,  9.547, 4,  -0.006, -0.004, -0.021, 5,  24.240,  4.680, 10.140, 2 
 302183.11940, 3,  -0.115,  0.397,  9.782, 4,  -0.008, -0.006, -0.021, 5,  24.300,  4.680, 10.140, 2 
 302183.17976, 3,  -0.048,  0.339,  9.768, 4,  -0.008, -0.003, -0.021, 5,  24.300,  4.680, 10.140, 2 
 302183.23941, 3,  -0.086,  0.368,  9.701, 4,  -0.007, -0.006, -0.023, 5,  24.300,  4.620, 10.140, 2 
 302183.29943, 3,  -0.163,  0.387,  9.528, 4,  -0.006, -0.007, -0.021, 5,  24.360,  4.620, 10.140, 2 
 302183.35900, 3,  -0.067,  0.392,  9.729, 4,  -0.007, -0.003, -0.021, 5,  24.360,  4.620, 10.140, 2 
 302183.41872, 3,  -0.086,  0.402,  9.662, 4,  -0.008, -0.004, -0.022, 5,  24.360,  4.620, 10.140, 2 
 302183.47858, 3,  -0.053,  0.287,  9.787, 4,  -0.006, -0.005, -0.021, 5,  24.420,  4.620, 10.200, 2 
 302183.53867, 3,  -0.081,  0.359,  9.825, 4,  -0.007, -0.004, -0.021, 5,  24.420,  4.560, 10.200, 2 
 302183.59874, 3,  -0.134,  0.473,  9.811, 4,  -0.007, -0.005, -0.021, 5,  24.420,  4.560, 10.260, 2 
 302183.65848, 3,  -0.014,  0.392,  9.696, 4,  -0.007, -0.004, -0.021, 5,  24.480,  4.560, 10.320, 2 
 302183.71794, 3,  -0.129,  0.440,  9.701, 4,  -0.009, -0.004, -0.021, 5,  24.480,  4.560, 10.380, 2 
 302183.77828, 3,  -0.014,  0.359,  9.725, 4,  -0.007, -0.005, -0.022, 5,  24.480,  4.560, 10.380, 2 
 302183.83775, 3,  -0.110,  0.363,  9.658, 4,  -0.007, -0.004, -0.022, 5,  24.540,  4.560, 10.440, 2 
 302183.89797, 3,  -0.072,  0.402,  9.705, 4,  -0.007, -0.003, -0.021, 5,  24.540,  4.560, 10.500, 2 
 302183.95764, 3,  -0.192,  0.363,  9.753, 4,  -0.006, -0.004, -0.021, 5,  24.540,  4.560, 10.500, 2 
 302184.01727, 3,  -0.101,  0.330,  9.835, 4,  -0.007, -0.006, -0.021, 5,  24.540,  4.560, 10.560, 2 
 302184.07763, 3,  -0.038,  0.368,  9.787, 4,  -0.006, -0.007, -0.022, 5,  24.540,  4.620, 10.560, 2 
 302184.13712, 3,  -0.144,  0.291,  9.782, 4,  -0.007, -0.003, -0.022, 5,  24.600,  4.620, 10.620, 2 
 302184.19676, 3,  -0.120,  0.416,  9.662, 4,  -0.008, -0.004, -0.020, 5,  24.600,  4.620, 10.620, 2 
 302184.25729, 3,  -0.067,  0.354,  9.768, 4,  -0.010, -0.006, -0.021, 5,  24.600,  4.620, 10.680, 2 
 302184.31661, 3,  -0.086,  0.344,  9.729, 4,  -0.006, -0.006, -0.021, 5,  24.600,  4.620, 10.680, 2 
 302184.37688, 3,  -0.067,  0.373,  9.835, 4,  -0.007, -0.003, -0.020, 5,  24.600,  4.620, 10.680, 2 
 302184.43647, 3,  -0.081,  0.469,  9.763, 4,  -0.007, -0.003, -0.021, 5,  24.600,  4.620, 10.740, 2 
 302184.49609, 3,  -0.043,  0.416,  9.701, 4,  -0.007, -0.003, -0.021, 5,  24.600,  4.620, 10.740, 2 
 302184.55613, 3,  -0.139,  0.287,  9.720, 4,  -0.006, -0.004, -0.022, 5,  24.600,  4.620, 10.740, 2 
 302184.61585, 3,  -0.072,  0.406,  9.648, 4,  -0.007, -0.004, -0.019, 5,  24.600,  4.620, 10.680, 2 
 302184.67586, 3,  -0.139,  0.335,  9.792, 4,  -0.005, -0.004, -0.022, 5,  24.660,  4.620, 10.680, 2 
 302184.73543, 3,  -0.077,  0.478,  9.734, 4,  -0.008, -0.004, -0.021, 5,  24.660,  4.680, 10.680, 2 
 302184.79560, 3,  -0.105,  0.440,  9.840, 4,  -0.010, -0.003, -0.022, 5,  24.660,  4.680, 10.680, 2 
 302184.85555, 3,  -0.062,  0.397,  9.686, 4,  -0.004, -0.005, -0.021, 5,  24.660,  4.680, 10.680, 2 
 302184.91533, 3,  -0.053,  0.335,  9.820, 4,  -0.008, -0.006, -0.021, 5,  24.660,  4.680, 10.680, 2 
 302184.97567, 3,  -0.129,  0.382,  9.705, 4,  -0.007, -0.006, -0.021, 5,  24.720,  4.680, 10.680, 2 
 302185.03545, 3,  -0.120,  0.335,  9.667, 4,  -0.006, -0.006, -0.021, 5,  24.720,  4.680, 10.680, 2 
 302185.09490, 3,  -0.139,  0.421,  9.763, 4,  -0.008, -0.003, -0.021, 5,  24.720,  4.680, 10.680, 2 
 302185.15501, 3,  -0.081,  0.416,  9.686, 4,  -0.007, -0.004, -0.021, 5,  24.720,  4.680, 10.680, 2 
 302185.21488, 3,  -0.034,  0.349,  9.672, 4,  -0.009, -0.005, -0.020, 5,  24.720,  4.680, 10.680, 2 
 302185.27476, 3,  -0.057,  0.392,  9.753, 4,  -0.007, -0.005, -0.021, 5,  24.720,  4.680, 10.620, 2 
 302185.33474, 3,  -0.043,  0.296,  9.538, 4,  -0.007, -0.004, -0.020, 5,  24.720,  4.680, 10.620, 2 
 302185.39419, 3,  -0.124,  0.382,  9.825, 4,  -0.008, -0.005, -0.021, 5,  24.780,  4.680, 10.620, 2 
 302185.45434, 3,  -0.096,  0.287,  9.629, 4,  -0.005, -0.004, -0.022, 5,  24.780,  4.740, 10.620, 2 
 302185.51424, 3,  -0.144,  0.426,  9.662, 4,  -0.005, -0.006, -0.020, 5,  24.780,  4.740, 10.620, 2 
 302185.57409, 3,  -0.067,  0.397,  9.749, 4,  -0.007, -0.003, -0.021, 5,  24.780,  4.800, 10.560, 2 
 302185.63387, 3,  -0.134,  0.382,  9.931, 4,  -0.007, -0.006, -0.020, 5,  24.780,  4.800, 10.560, 2 
 302185.69351, 3,  -0.067,  0.339,  9.792, 4,  -0.006, -0.004, -0.022, 5,  24.780,  4.800, 10.560, 2 
 302185.75371, 3,  -0.096,  0.363,  9.835, 4,  -0.006, -0.004, -0.021, 5,  24.780,  4.800, 10.500, 2 
 302185.81313, 3,  -0.158,  0.397,  9.662, 4,  -0.008, -0.005, -0.021, 5,  24.780,  4.800, 10.500, 2 
 302185.87330, 3,  -0.124,  0.426,  9.753, 4,  -0.007, -0.006, -0.021, 5,  24.780,  4.800, 10.440, 2 
 302185.93324, 3,  -0.014,  0.349,  9.734, 4,  -0.006, -0.005, -0.020, 5,  24.840,  4.860, 10.380, 2 
 302185.99280, 3,  -0.081,  0.349,  9.629, 4,  -0.007, -0.005, -0.021, 5,  24.900,  4.860, 10.320, 2 
 302186.05296, 3,  -0.096,  0.445,  9.782, 4,  -0.007, -0.004, -0.021, 5,  24.900,  4.860, 10.320, 2 
 302186.11278, 3,  -0.101,  0.359,  9.658, 4,  -0.006, -0.004, -0.020, 5,  24.960,  4.860, 10.260, 2 
 302186.17255, 3,  -0.072,  0.373,  9.753, 4,  -0.008, -0.004, -0.020, 5,  24.960,  4.860, 10.200, 2 
 302186.23237, 3,  -0.057,  0.406,  9.825, 4,  -0.007, -0.006, -0.021, 5,  24.960,  4.860, 10.200, 2 
 302186.29204, 3,  -0.091,  0.406,  9.873, 4,  -0.006, -0.003, -0.022, 5,  25.020,  4.860, 10.140, 2 
 302186.35222, 3,  -0.129,  0.368,  9.753, 4,  -0.006, -0.002, -0.021, 5,  25.020,  4.800, 10.140, 2 
 302186.41208, 3,  -0.010,  0.387,  9.825, 4,  -0.005, -0.003, -0.021, 5,  25.020,  4.800, 10.080, 2 
 302186.47183, 3,  -0.124,  0.430,  9.796, 4,  -0.007, -0.005, -0.021, 5,  25.020,  4.800, 10.080, 2 
 302186.53191, 3,  -0.077,  0.344,  9.715, 4,  -0.006, -0.005, -0.022, 5,  25.080,  4.800, 10.020, 2 
 302186.59111, 3,  -0.110,  0.373,  9.825, 4,  -0.007, -0.002, -0.021, 5,  25.080,  4.740, 10.020, 2 
 302186.65140, 3,  -0.091,  0.397,  9.820, 4,  -0.007, -0.006, -0.020, 5,  25.080,  4.740,  9.960, 2 
 302186.71133, 3,  -0.057,  0.330,  9.796, 4,  -0.006, -0.003, -0.021, 5,  25.080,  4.740,  9.960, 2 
 302186.77121, 3,  -0.129,  0.344,  9.720, 4,  -0.008, -0.002, -0.021, 5,  25.080,  4.740,  9.960, 2 
 302186.83077, 3,  -0.105,  0.359,  9.758, 4,  -0.007, -0.002, -0.020, 5,  25.020,  4.740,  9.960, 2 
 302186.89064, 3,  -0.072,  0.397,  9.696, 4,  -0.007, -0.003, -0.020, 5,  25.020,  4.740,  9.960, 2 
 302186.95080, 3,  -0.024,  0.387,  9.715, 4,  -0.008, -0.006, -0.021, 5,  24.960,  4.740,  9.900, 2 
 302187.01041, 3,  -0.115,  0.411,  9.749, 4,  -0.006, -0.003, -0.021, 5,  24.960,  4.680,  9.900, 2 
 302187.07049, 3,  -0.158,  0.459,  9.820, 4,  -0.009, -0.005, -0.020, 5,  24.960,  4.680,  9.900, 2 
 302187.13042, 3,  -0.101,  0.416,  9.758, 4,  -0.008, -0.005, -0.021, 5,  24.900,  4.680,  9.900, 2 
 302187.18963, 3,  -0.105,  0.440,  9.749, 4,  -0.004, -0.006, -0.022, 5,  24.900,  4.620,  9.900, 2 
 302187.25013, 3,  -0.091,  0.330,  9.844, 4,  -0.007, -0.005, -0.020, 5,  24.900,  4.620,  9.900, 2 
 302187.30988, 3,  -0.048,  0.421,  9.844, 4,  -0.006, -0.003, -0.023, 5,  24.900,  4.620,  9.900, 2 
 302187.36983, 3,  -0.091,  0.421,  9.763, 4,  -0.006, -0.005, -0.023, 5,  24.840,  4.560,  9.900, 2 
 302187.42971, 3,  -0.115,  0.416,  9.729, 4,  -0.007, -0.004, -0.020, 5,  24.840,  4.560,  9.900, 2 
 302187.48923, 3,  -0.101,  0.435,  9.777, 4,  -0.007, -0.006, -0.019, 5,  24.840,  4.560,  9.900, 2 
 302187.54908, 3,  -0.124,  0.363,  9.701, 4,  -0.005, -0.004, -0.021, 5,  24.840,  4.500,  9.900, 2 
 302187.60897, 3,  -0.105,  0.445,  9.701, 4,  -0.006, -0.005, -0.021, 5,  24.840,  4.500,  9.900, 2 
 302187.66843, 3,  -0.034,  0.382,  9.749, 4,  -0.008, -0.002, -0.023, 5,  24.840,  4.500,  9.900, 2 
 302187.72858, 3,  -0.081,  0.325,  9.758, 4,  -0.006, -0.003, -0.021, 5,  24.840,  4.440,  9.900, 2 
 302187.78828, 3,  -0.048,  0.296,  9.696, 4,  -0.007, -0.004, -0.021, 5,  24.840,  4.440,  9.900, 2 
 302187.84858, 3,  -0.172,  0.416,  9.782, 4,  -0.007, -0.003, -0.021, 5,  24.780,  4.440,  9.900, 2 
 302187.90791, 3,  -0.091,  0.373,  9.734, 4,  -0.006, -0.001, -0.021, 5,  24.780,  4.440,  9.900, 2 
 302187.96784, 3,  -0.110,  0.392,  9.677, 4,  -0.008, -0.006, -0.020, 5,  24.780,  4.440,  9.900, 2 
 302188.02790, 3,  -0.057,  0.258,  9.705, 4,  -0.008, -0.004, -0.021, 5,  24.720,  4.440,  9.900, 2 
 302188.08762, 3,  -0.139,  0.387,  9.758, 4,  -0.006, -0.005, -0.021, 5,  24.720,  4.440,  9.900, 2 
 302188.14764, 3,  -0.134,  0.301,  9.677, 4,  -0.008, -0.003, -0.021, 5,  24.720,  4.380,  9.840, 2 
 302188.20741, 3,  -0.091,  0.387,  9.643, 4,  -0.008, -0.004, -0.020, 5,  24.720,  4.380,  9.840, 2 
 302188.26709, 3,  -0.086,  0.435,  9.753, 4,  -0.006, -0.004, -0.021, 5,  24.660,  4.380,  9.840, 2 
 302188.32693, 3,  -0.029,  0.435,  9.820, 4,  -0.009, -0.003, -0.021, 5,  24.660,  4.380,  9.840, 2 
 302188.38693, 3,  -0.091,  0.349,  9.715, 4,  -0.007, -0.003, -0.022, 5,  24.660,  4.440,  9.840, 2 
 302188.44695, 3,  -0.067,  0.411,  9.787, 4,  -0.009, -0.005, -0.022, 5,  24.660,  4.440,  9.840, 2 
 302188.50664, 3,  -0.067,  0.363,  9.610, 4,  -0.007, -0.005, -0.021, 5,  24.600,  4.440,  9.900, 2 
 302188.56639, 3,  -0.153,  0.502,  9.686, 4,  -0.008, -0.004, -0.023, 5,  24.600,  4.440,  9.900, 2 
 302188.62638, 3,  -0.019,  0.426,  9.524, 4,  -0.007, -0.004, -0.020, 5,  24.600,  4.440,  9.900, 2 
 302188.68611, 3,  -0.086,  0.330,  9.854, 4,  -0.008, -0.005, -0.021, 5,  24.600,  4.440,  9.900, 2 
 302188.74586, 3,  -0.134,  0.354,  9.610, 4,  -0.007, -0.003, -0.019, 5,  24.600,  4.440,  9.960, 2 
 302188.80559, 3,  -0.148,  0.349,  9.825, 4,  -0.007, -0.005, -0.022, 5,  24.600,  4.440, 10.020, 2 
 302188.86545, 3,  -0.034,  0.397,  9.753, 4,  -0.004,  0.001, -0.021, 5,  24.660,  4.500, 10.020, 2 
 302188.92529, 3,  -0.129,  0.406,  9.715, 4,  -0.007, -0.006, -0.021, 5,  24.660,  4.500, 10.080, 2 
 302188.98538, 3,  -0.134,  0.382,  9.916, 4,  -0.008, -0.002, -0.022, 5,  24.660,  4.500, 10.080, 2 
 302189.04547, 3,  -0.043,  0.406,  9.720, 4,  -0.007, -0.006, -0.020, 5,  24.660,  4.500, 10.140, 2 
 302189.10545, 3,  -0.062,  0.287,  9.763, 4,  -0.008, -0.006, -0.021, 5,  24.660,  4.500, 10.140, 2 
 302189.16516, 3,  -0.101,  0.368,  9.753, 4,  -0.009, -0.003, -0.022, 5,  24.720,  4.500, 10.200, 2 
 302189.22489, 3,  -0.153,  0.354,  9.576, 4,  -0.007, -0.005, -0.023, 5,  24.720,  4.500, 10.260, 2 
 302189.28496, 3,  -0.096,  0.344,  9.739, 4,  -0.007, -0.003, -0.022, 5,  24.720,  4.500, 10.260, 2 
 302189.34499, 3,  -0.077,  0.359,  9.864, 4,  -0.007, -0.002, -0.022, 5,  24.720,  4.440, 10.260, 2 
 302189.40491, 3,  -0.110,  0.320,  9.753, 4,  -0.008, -0.003, -0.022, 5,  24.720,  4.440, 10.320, 2 
 302189.46461, 3,  -0.091,  0.416,  9.816, 4,  -0.005, -0.005, -0.022, 5,  24.720,  4.380, 10.320, 2 
 302189.52473, 3,  -0.101,  0.363,  9.782, 4,  -0.006, -0.004, -0.022, 5,  24.720,  4.380, 10.320, 2 
 302189.58452, 3,  -0.072,  0.426,  9.844, 4,  -0.008, -0.003, -0.022, 5,  24.720,  4.320, 10.320, 2 
 302189.64438, 3,  -0.124,  0.464,  9.643, 4,  -0.006, -0.003, -0.021, 5,  24.720,  4.320, 10.320, 2 
 302189.70396, 3,  -0.134,  0.507,  9.691, 4,  -0.009, -0.003, -0.022, 5,  24.660,  4.320, 10.320, 2 
 302189.76354, 3,  -0.105,  0.368,  9.696, 4,  -0.009, -0.005, -0.021, 5,  24.660,  4.320, 10.320, 2 
 302189.82397, 3,  -0.081,  0.454,  9.691, 4,  -0.007, -0.003, -0.021, 5,  24.660,  4.320, 10.260, 2 
 302189.88365, 3,  -0.053,  0.397,  9.739, 4,  -0.006, -0.003, -0.021, 5,  24.660,  4.320, 10.260, 2 
 302189.94363, 3,  -0.101,  0.330,  9.916, 4,  -0.007, -0.003, -0.022, 5,  24.660,  4.320, 10.260, 2 
 302190.00355, 3,  -0.053,  0.382,  9.777, 4,  -0.006, -0.003, -0.021, 5,  24.660,  4.380, 10.260, 2 
 302190.06306, 3,  -0.057,  0.382,  9.720, 4,  -0.006, -0.002, -0.022, 5,  24.660,  4.380, 10.260, 2 
 302190.12285, 3,  -0.177,  0.359,  9.739, 4,  -0.006, -0.005, -0.022, 5,  24.660,  4.380, 10.260, 2 
 302190.18276, 3,  -0.153,  0.382,  9.887, 4,  -0.007, -0.004, -0.021, 5,  24.660,  4.440, 10.320, 2 
 302190.24284, 3,  -0.048,  0.430,  9.734, 4,  -0.009, -0.003, -0.022, 5,  24.660,  4.440, 10.320, 2 
 302190.30263, 3,  -0.053,  0.488,  9.605, 4,  -0.008, -0.006, -0.020, 5,  24.660,  4.500, 10.320, 2 
 302190.36205, 3,  -0.038,  0.349,  9.696, 4,  -0.005, -0.005, -0.021, 5,  24.720,  4.560, 10.380, 2 
 302190.42257, 3,  -0.115,  0.397,  9.931, 4,  -0.007, -0.006, -0.022, 5,  24.720,  4.620, 10.380, 2 
 302190.48236, 3,  -0.081,  0.440,  9.739, 4,  -0.007, -0.005, -0.020, 5,  24.720,  4.620, 10.380, 2 
 302190.54176, 3,  -0.101,  0.402,  9.734, 4,  -0.009, -0.003, -0.021, 5,  24.720,  4.680, 10.440, 2 
 302190.60181, 3,  -0.139,  0.315,  9.806, 4,  -0.007, -0.003, -0.022, 5,  24.780,  4.680, 10.440, 2 
 302190.66148, 3,  -0.101,  0.387,  9.758, 4,  -0.007, -0.003, -0.022, 5,  24.780,  4.680, 10.500, 2 
 302190.72167, 3,  -0.148,  0.373,  9.753, 4,  -0.008, -0.005, -0.020, 5,  24.780,  4.680, 10.500, 2 
 302190.78143, 3,  -0.096,  0.402,  9.686, 4,  -0.007, -0.009, -0.022, 5,  24.780,  4.740, 10.560, 2 
 302190.84149, 3,  -0.134,  0.445,  9.595, 4,  -0.006, -0.005, -0.020, 5,  24.840,  4.740, 10.560, 2 
 302190.90136, 3,  -0.153,  0.454,  9.820, 4,  -0.008, -0.003, -0.022, 5,  24.840,  4.680, 10.560, 2 
 302190.96122, 3,  -0.062,  0.363,  9.701, 4,  -0.005, -0.002, -0.021, 5,  24.840,  4.680, 10.560, 2 
 302191.02088, 3,  -0.081,  0.440,  9.796, 4,  -0.006, -0.005, -0.022, 5,  24.840,  4.680, 10.560, 2 
 302191.08043, 3,  -0.096,  0.402,  9.686, 4,  -0.008, -0.005, -0.021, 5,  24.840,  4.680, 10.560, 2 
 302191.14079, 3,  -0.048,  0.435,  9.768, 4,  -0.008, -0.002, -0.021, 5,  24.840,  4.680, 10.560, 2 
 302191.20038, 3,  -0.144,  0.349,  9.878, 4,  -0.008, -0.004, -0.021, 5,  24.900,  4.680, 10.560, 2 
 302191.26002, 3,  -0.158,  0.363,  9.945, 4,  -0.009, -0.004, -0.020, 5,  24.900,  4.620, 10.560, 2 
 302191.31993, 3,  -0.153,  0.325,  9.720, 4,  -0.006, -0.005, -0.021, 5,  24.900,  4.620, 10.500, 2 
 302191.37997, 3,  -0.115,  0.354,  9.844, 4,  -0.006, -0.003, -0.021, 5,  24.840,  4.620, 10.500, 2 
 